timeStamp,elapsed,label,responseCode,responseMessage,threadName,dataType,success,failureMessage,bytes,sentBytes,grpThreads,allThreads,URL,Latency,IdleTime,Connect
1656547127799,723,search report,200,OK,Thread Group 1-1,text,true,,17500,267,1,1,https://coviddata.github.io/coviddata/,631,0,566
1656547127799,640,search report-0,301,Moved Permanently,Thread Group 1-1,text,true,,705,133,1,1,https://coviddata.github.io/coviddata,631,0,566
1656547128442,80,search report-1,200,OK,Thread Group 1-1,text,true,,16795,134,1,1,https://coviddata.github.io/coviddata/,53,0,0
1656547128710,268,search report,200,OK,Thread Group 1-2,text,true,,17499,267,2,2,https://coviddata.github.io/coviddata/,209,0,158
1656547128710,209,search report-0,301,Moved Permanently,Thread Group 1-2,text,true,,704,133,2,2,https://coviddata.github.io/coviddata,209,0,158
1656547128919,59,search report-1,200,OK,Thread Group 1-2,text,true,,16795,134,2,2,https://coviddata.github.io/coviddata/,52,0,0
1656547128564,680,get countries,200,OK,Thread Group 1-1,text,true,,7971388,188,2,2,https://coviddata.github.io/coviddata/v1/countries/stats.json?name=Bangladesh&key=bangladesh,52,0,0
1656547129708,279,search report,200,OK,Thread Group 1-3,text,true,,17499,267,2,2,https://coviddata.github.io/coviddata/,223,0,173
1656547129708,223,search report-0,301,Moved Permanently,Thread Group 1-3,text,true,,704,133,2,2,https://coviddata.github.io/coviddata,223,0,173
1656547129932,55,search report-1,200,OK,Thread Group 1-3,text,true,,16795,134,2,2,https://coviddata.github.io/coviddata/,50,0,0
1656547129989,617,get countries,200,OK,Thread Group 1-3,text,true,,7971388,188,2,2,https://coviddata.github.io/coviddata/v1/countries/stats.json?name=Bangladesh&key=bangladesh,51,0,0
1656547130712,263,search report,200,OK,Thread Group 1-4,text,true,,17500,267,2,2,https://coviddata.github.io/coviddata/,208,0,158
1656547130712,208,search report-0,301,Moved Permanently,Thread Group 1-4,text,true,,705,133,2,2,https://coviddata.github.io/coviddata,208,0,158
1656547130920,55,search report-1,200,OK,Thread Group 1-4,text,true,,16795,134,2,2,https://coviddata.github.io/coviddata/,50,0,0
1656547130977,625,get countries,200,OK,Thread Group 1-4,text,true,,7971388,188,2,2,https://coviddata.github.io/coviddata/v1/countries/stats.json?name=Bangladesh&key=bangladesh,50,0,0
1656547131709,269,search report,200,OK,Thread Group 1-5,text,true,,17499,267,2,2,https://coviddata.github.io/coviddata/,213,0,163
1656547131709,213,search report-0,301,Moved Permanently,Thread Group 1-5,text,true,,704,133,2,2,https://coviddata.github.io/coviddata,213,0,163
1656547131922,56,search report-1,200,OK,Thread Group 1-5,text,true,,16795,134,2,2,https://coviddata.github.io/coviddata/,51,0,0
1656547128979,3402,get countries,200,OK,Thread Group 1-2,text,true,,7971388,188,2,2,https://coviddata.github.io/coviddata/v1/countries/stats.json?name=Bangladesh&key=bangladesh,73,0,0
1656547131979,732,get countries,200,OK,Thread Group 1-5,text,true,,7971388,188,2,2,https://coviddata.github.io/coviddata/v1/countries/stats.json?name=Bangladesh&key=bangladesh,58,0,0
1656547132710,266,search report,200,OK,Thread Group 1-6,text,true,,17499,267,1,1,https://coviddata.github.io/coviddata/,210,0,159
1656547132710,210,search report-0,301,Moved Permanently,Thread Group 1-6,text,true,,704,133,1,1,https://coviddata.github.io/coviddata,210,0,159
1656547132920,56,search report-1,200,OK,Thread Group 1-6,text,true,,16795,134,1,1,https://coviddata.github.io/coviddata/,51,0,0
1656547133707,266,search report,200,OK,Thread Group 1-7,text,true,,17499,267,2,2,https://coviddata.github.io/coviddata/,209,0,159
1656547133707,209,search report-0,301,Moved Permanently,Thread Group 1-7,text,true,,704,133,2,2,https://coviddata.github.io/coviddata,209,0,159
1656547133917,56,search report-1,200,OK,Thread Group 1-7,text,true,,16795,134,2,2,https://coviddata.github.io/coviddata/,51,0,0
1656547132977,1253,get countries,200,OK,Thread Group 1-6,text,true,,7971388,188,2,2,https://coviddata.github.io/coviddata/v1/countries/stats.json?name=Bangladesh&key=bangladesh,52,0,0
1656547134709,287,search report,200,OK,Thread Group 1-8,text,true,,17500,267,2,2,https://coviddata.github.io/coviddata/,229,0,178
1656547134709,229,search report-0,301,Moved Permanently,Thread Group 1-8,text,true,,705,133,2,2,https://coviddata.github.io/coviddata,229,0,178
1656547134938,58,search report-1,200,OK,Thread Group 1-8,text,true,,16795,134,2,2,https://coviddata.github.io/coviddata/,52,0,0
1656547133974,1331,get countries,200,OK,Thread Group 1-7,text,true,,7971388,188,2,2,https://coviddata.github.io/coviddata/v1/countries/stats.json?name=Bangladesh&key=bangladesh,51,0,0
1656547135708,268,search report,200,OK,Thread Group 1-9,text,true,,17499,267,2,2,https://coviddata.github.io/coviddata/,209,0,159
1656547135708,209,search report-0,301,Moved Permanently,Thread Group 1-9,text,true,,704,133,2,2,https://coviddata.github.io/coviddata,209,0,159
1656547135917,59,search report-1,200,OK,Thread Group 1-9,text,true,,16795,134,2,2,https://coviddata.github.io/coviddata/,54,0,0
1656547134998,1105,get countries,200,OK,Thread Group 1-8,text,true,,7971388,188,2,2,https://coviddata.github.io/coviddata/v1/countries/stats.json?name=Bangladesh&key=bangladesh,52,0,0
1656547136709,268,search report,200,OK,Thread Group 1-10,text,true,,17499,267,2,2,https://coviddata.github.io/coviddata/,211,0,161
1656547136709,211,search report-0,301,Moved Permanently,Thread Group 1-10,text,true,,704,133,2,2,https://coviddata.github.io/coviddata,211,0,161
1656547136921,56,search report-1,200,OK,Thread Group 1-10,text,true,,16795,134,2,2,https://coviddata.github.io/coviddata/,51,0,0
1656547135978,1109,get countries,200,OK,Thread Group 1-9,text,true,,7971388,188,2,2,https://coviddata.github.io/coviddata/v1/countries/stats.json?name=Bangladesh&key=bangladesh,52,0,0
1656547136978,625,get countries,200,OK,Thread Group 1-10,text,true,,7971388,188,1,1,https://coviddata.github.io/coviddata/v1/countries/stats.json?name=Bangladesh&key=bangladesh,56,0,0
